OSS/hspell-1.4/hspell.bc,5
OSS/yajl-2.1.0/json_reformat.bc,5
OSS/yajl-2.1.0/json_verify.bc,5
OSS/splint-3.1.2.git20180129/splint.bc,6
OSS/udns-0.4/dnsget.bc,6
OSS/udns-0.4/ex-rdns.bc,6
OSS/udns-0.4/rblcheck.bc,6
OSS/vim-8.1.1073/vim.bc,7
OSS/w3m-0.5.3.git20180125/w3m.bc,7
OSS/backuppc-4.3.0/rsync_bpc.bc,8
OSS/cvs-1.11.23/cvs.bc,8
OSS/gnugo-3.8/gnugo.bc,8
OSS/openvswitch-2.11.0/ovn-controller.bc,8
OSS/openvswitch-2.11.0/ovn-northd.bc,8
OSS/screen-4.6.2/screen.bc,8
OSS/algol68g-2.8.5/a68g.bc,9
OSS/gnupg-2.2.15/gpg.bc,9
OSS/joe-4.6/joe.bc,9
OSS/latex2rtf-2.3.17/latex2rtf.bc,9
OSS/less-530/less.bc,9
OSS/mathomatic-16.0.5/mathomatic.bc,9
OSS/openvswitch-2.11.0/ovn-controller-vtep.bc,9
OSS/openvswitch-2.11.0/ovn-trace.bc,9
OSS/openvswitch-2.11.0/ovs-vswitchd.bc,9
OSS/tcsh-6.20.00/tcsh.bc,9
OSS/tup-0.7.8/tup.bc,9
OSS/vice-3.3/x128.bc,9
OSS/vice-3.3/xpet.bc,9
OSS/vice-3.3/xscpu64.bc,9
OSS/x11vnc-0.9.16/x11vnc.bc,9
SVC/ldv-linux-4.2-rc1/linux-4.2-rc1.tar.xz-08_1a-drivers--scsi--qla2xxx--qla2xxx.ko-entry_point.cil.out.c,8
SVC/ldv-linux-4.2-rc1/linux-4.2-rc1.tar.xz-32_7a-drivers--scsi--qla2xxx--qla2xxx.ko-entry_point.cil.out.c,8
OSS/dhcp-4.4.1/dhclient.bc,10
OSS/dhcp-4.4.1/dhcpd.bc,10
OSS/freetds-1.00.98/tsql.bc,10
OSS/minicom-2.7.1/minicom.bc,10
OSS/openvswitch-2.11.0/ovsdb-server.bc,10
OSS/openvswitch-2.11.0/ovs-testcontroller.bc,10
OSS/unbound-1.9.1/unbound.bc,10
OSS/unbound-1.9.1/unbound-checkconf.bc,10
OSS/vice-3.3/vsid.bc,10
OSS/vice-3.3/x64.bc,10
OSS/vice-3.3/x64dtv.bc,10
OSS/vice-3.3/x64sc.bc,10
OSS/vice-3.3/xcbm2.bc,10
OSS/vice-3.3/xcbm5x0.bc,10
OSS/vice-3.3/xplus4.bc,10
OSS/vice-3.3/xvic.bc,10
OSS/calcurse-4.4.0/calcurse.bc,11
OSS/dnsmasq-2.80/dnsmasq.bc,11
OSS/fossil-2.8/fossil.bc,11
OSS/naim/naim.bc,11
OSS/premake-4.3/premake4.bc,11
OSS/wget-1.20.3/wget.bc,11
OSS/bspwm-0.9.7/bspwm.bc,12
OSS/crash-7.2.5/crash.bc,12
OSS/genius-1.0.24/genius.bc,12
OSS/gnupg-2.2.15/gpgsm.bc,11
OSS/julius-4.5/julius.bc,12
OSS/nasm-2.14.02/nasm.bc,12
OSS/netdata-1.13.0/netdata.bc,12
OSS/bird-2.0.3/bird.bc,13
OSS/fvwm-2.6.8/FvwmForm.bc,13
OSS/monit-5.25.3/monit.bc,13
OSS/naev-0.7.0/naev.bc,13
OSS/nano-4.1/nano.bc,13
OSS/openvpn-2.4.7/openvpn.bc,13
OSS/ponyc-0.28.0/ponyc.bc,13
OSS/premake3-3.7/premake.bc,13
OSS/testdisk-7.0/testdisk.bc,13
SVC/ldv-linux-4.2-rc1/linux-4.2-rc1.tar.xz-08_1a-drivers--scsi--aic7xxx--aic79xx.ko-entry_point.cil.out.c,13
SVC/ldv-linux-4.2-rc1/linux-4.2-rc1.tar.xz-32_7a-drivers--scsi--aic7xxx--aic79xx.ko-entry_point.cil.out.c,13
OSS/babeld-1.8.4/babeld.bc,14
OSS/fvwm-2.6.8/fvwm.bc,14
OSS/gnupg-2.2.15/gpgv.bc,14
OSS/mosquitto-1.5.8/mosquitto.bc,14
OSS/openvswitch-2.11.0/ovs-appctl.bc,14
OSS/openvswitch-2.11.0/ovs-dpctl.bc,14
OSS/openvswitch-2.11.0/ovs-ofctl.bc,14
OSS/zstd-1.4.0/zstdmt.bc,14
SVC/ldv-linux-4.2-rc1/linux-4.2-rc1.tar.xz-08_1a-drivers--scsi--mpt2sas--mpt2sas.ko-entry_point.cil.out.c,14
OSS/gnupg-2.2.15/dirmngr.bc,15
OSS/jwm-2.3.7/jwm.bc,15
OSS/openvswitch-2.11.0/ovn-nbctl.bc,15
OSS/openvswitch-2.11.0/ovn-sbctl.bc,15
OSS/openvswitch-2.11.0/ovs-vsctl.bc,15
OSS/openvswitch-2.11.0/vtep-ctl.bc,15
SVC/ldv-linux-4.2-rc1/linux-4.2-rc1.tar.xz-08_1a-drivers--net--ethernet--broadcom--bnx2x--bnx2x.ko-entry_point.cil.out.c,15
SVC/ldv-linux-4.2-rc1/linux-4.2-rc1.tar.xz-32_7a-drivers--net--ethernet--broadcom--bnx2x--bnx2x.ko-entry_point.cil.out.c,15
OSS/coreutils-8.31/expr.bc,16
OSS/fastjar-0.98/grepjar.bc,15
OSS/gawk-4.2.1/gawk.bc,16
OSS/lz4-1.9.0/lz4.bc,16
OSS/mg-20180824/mg.bc,16
OSS/openvswitch-2.11.0/ovsdb-tool.bc,16
OSS/rogue-5.4.4/rogue.bc,16
OSS/strace-5.0/strace.bc,16
OSS/stunnel-5.50/stunnel.bc,16
OSS/tor-0.3.5.8/tor.bc,16
OSS/coreutils-8.31/du.bc,17
OSS/openvswitch-2.11.0/ovs-vlan-bug-workaround.bc,17
OSS/tarsnap-1.0.39/tarsnap.bc,17
OSS/dhcp-4.4.1/omshell.bc,18
SVC/ldv-linux-4.2-rc1/linux-4.2-rc1.tar.xz-08_1a-drivers--media--pci--ivtv--ivtv.ko-entry_point.cil.out.c,18
SVC/ldv-linux-4.2-rc1/linux-4.2-rc1.tar.xz-08_1a-drivers--net--wireless--mwifiex--mwifiex.ko-entry_point.cil.out.c,18
SVC/ldv-linux-4.2-rc1/linux-4.2-rc1.tar.xz-32_7a-drivers--net--wireless--mwifiex--mwifiex.ko-entry_point.cil.out.c,18
OSS/opensips-2.4.5/opensips.bc,19
OSS/openssh-8.0p1/ssh-keyscan.bc,19
OSS/rdesktop-1.8.4/rdesktop.bc,19
OSS/snd-19.3/snd.bc,19
OSS/vice-3.3/c1541.bc,19
OSS/ngircd-25/ngircd.bc,20
OSS/openssh-8.0p1/sshd.bc,20
OSS/mc-4.8.22/mc.bc,21
SVC/ldv-linux-4.2-rc1/linux-4.2-rc1.tar.xz-08_1a-drivers--ata--libata.ko-entry_point.cil.out.c,21
OSS/keepalived-2.0.13/keepalived.bc,22
OSS/nsd-4.1.27/nsd.bc,22
OSS/pcb-4.1.3/pcb.bc,22
SVC/ldv-linux-4.2-rc1/linux-4.2-rc1.tar.xz-43_2a-drivers--staging--rts5208--rts5208.ko-entry_point.cil.out.c,22
OSS/geeqie-1.4/geeqie.bc,23
SVC/ldv-linux-4.2-rc1/linux-4.2-rc1.tar.xz-08_1a-drivers--staging--rts5208--rts5208.ko-entry_point.cil.out.c,23
SVC/ldv-linux-4.2-rc1/linux-4.2-rc1.tar.xz-32_7a-drivers--staging--rts5208--rts5208.ko-entry_point.cil.out.c,23
SVC/ldv-linux-4.2-rc1/linux-4.2-rc1.tar.xz-08_1a-drivers--net--fddi--skfp--skfp.ko-entry_point.cil.out.c,24
SVC/ldv-linux-4.2-rc1/linux-4.2-rc1.tar.xz-32_7a-drivers--ata--libata.ko-entry_point.cil.out.c,24
SVC/ldv-linux-4.2-rc1/linux-4.2-rc1.tar.xz-32_7a-drivers--net--fddi--skfp--skfp.ko-entry_point.cil.out.c,24
SVC/ldv-linux-4.2-rc1/linux-4.2-rc1.tar.xz-43_2a-drivers--ata--libata.ko-entry_point.cil.out.c,24
OSS/wpa_supplicant-2.6/wpa_supplicant.bc,24
OSS/lvm2-2.02.184/lvm.bc,29
SVC/ldv-linux-4.2-rc1/linux-4.2-rc1.tar.xz-08_1a-drivers--staging--rtl8723au--r8723au.ko-entry_point.cil.out.c,32
SVC/ldv-linux-4.2-rc1/linux-4.2-rc1.tar.xz-32_7a-drivers--staging--rtl8723au--r8723au.ko-entry_point.cil.out.c,32
